key,value
site_name,"彩虹星民宿 Rainbowstar"
tagline,"在南島的大農莊住下來——花園、菜園，還有貓咪相伴，抬頭就是滿天星斗。無論旅遊、打工度假或打工換宿，都歡迎成為我們的家人。"
tagline_en,"Settle into a real South Island farm — flower gardens, a veggie patch, friendly cats, and skies full of stars. Come to travel, on a working holiday, or to work-exchange with us."
intro_text,"彩虹星民宿（原十里香農場）坐落於基督城近郊，由台灣人用心經營。這是一座真正的農莊——有花園、菜園，還有貓咪相伴。無論你是來旅遊、打工度假，或想以打工換宿深入體驗紐西蘭的農場生活，都歡迎成為我們的家人。"
intro_text_en,"Rainbowstar Farmstay (formerly Shilixiang Farm) sits just outside Christchurch, run by a Taiwanese family. It's a real working farm — with a flower garden, a vegetable patch, and friendly cats. Whether you're travelling, on a working holiday, or here to work-exchange, you're warmly welcome to become part of our family."
feature_1,"乾淨溫馨的房間，適合短住與長住，走進門就像回到家。"
feature_1_en,"Clean, cozy rooms for short or long stays — it feels just like home."
feature_2,"用勞務換取住宿，深入體驗紐西蘭在地生活，認識來自各地的朋友。"
feature_2_en,"Exchange a few hours of work for accommodation, live like a local, and meet friends from around the world."
feature_3,"鄰近超市與巴士站，提供在地生活資訊，讓你快速安頓下來。"
feature_3_en,"Close to supermarkets and bus stops, with local tips to help you settle in quickly."
accommodation_intro,"以下為房型與參考房價，實際空房與優惠請以線上申請後的回覆為準。"
accommodation_intro_en,"Room types and reference rates below. Actual availability and offers are confirmed after you apply online."
booking_note,"＊房價可能依季節調整，請以申請後的回覆為準。"
booking_note_en,"*Rates may vary by season; the final price is confirmed after you apply."
workexchange_intro,"以勞務換取住宿，每天工作數小時即可換得免費住宿，是深入體驗紐西蘭農場生活、節省旅費的好方式。"
workexchange_intro_en,"Exchange a few hours of work each day for free accommodation — a wonderful way to experience New Zealand farm life and save on travel costs."
workexchange_rooms_intro,"換宿夥伴住在獨立安排的空間；房間資料與照片整理完成後會顯示在這裡。"
workexchange_rooms_intro_en,"Work-exchange helpers stay in separately arranged spaces. Room details and photos will appear here once ready."
location_text,"紐西蘭 基督城 Christchurch, New Zealand"
location_text_en,"Christchurch, New Zealand"
contact_email,your-email@gmail.com
contact_line,"021-550819 ／ 0064-21550819"
notify_email,your-email@gmail.com
show_home,true
show_about,true
show_stay,true
show_work,true
show_nearby,true
show_apply,true
show_contact,true
hero_eyebrow,"紐西蘭 · 基督城近郊的家庭農莊"
hero_eyebrow_en,"A family farmstay near Christchurch, NZ"
hero_cta_primary,"線上申請"
hero_cta_primary_en,"Apply online"
hero_cta_secondary,"看住宿房型"
hero_cta_secondary_en,"View rooms"
hero_badge_location,"基督城 Christchurch"
hero_badge_location_en,"Christchurch, NZ"
hero_badge_host,"台灣人經營"
hero_badge_host_en,"Taiwanese family"
hero_badge_work,"打工換宿"
hero_badge_work_en,"Work exchange"
hero_badge_sky,"南島澄澈星空"
hero_badge_sky_en,"Clear South Island skies"
hero_photo_title,"農場實景照片"
hero_photo_title_en,"Farm photo"
hero_photo_hint,"這裡放一張最能代表農場的照片"
hero_photo_hint_en,"A photo that best captures the farm goes here"
about_eyebrow,"關於我們"
about_eyebrow_en,"About us"
about_title,"在紐西蘭，找到第二個家"
about_title_en,"Feel at home on our New Zealand farm"
feature_1_title,"舒適住宿"
feature_1_title_en,"Comfortable stays"
feature_2_title,"打工換宿"
feature_2_title_en,"Work exchange"
feature_3_title,"生活便利"
feature_3_title_en,"Easy living"
stay_eyebrow,"住宿資訊"
stay_eyebrow_en,"Accommodation"
stay_title,"你會住在這裡"
stay_title_en,"Where you'll stay"
work_eyebrow,"打工換宿"
work_eyebrow_en,"Work exchange"
work_title,"用雙手，換一段農場時光"
work_title_en,"Trade a few hours for a season on the farm"
work_stat_duration_value,"最少兩週"
work_stat_duration_value_en,"Min. 2 weeks"
work_stat_duration_label,"換宿期間"
work_stat_duration_label_en,"Duration"
work_stat_hours_value,"每天 3 小時"
work_stat_hours_value_en,"3 hrs / day"
work_stat_hours_label,"10:00–13:00"
work_stat_hours_label_en,"10:00–13:00"
work_stat_schedule_value,"做五休二"
work_stat_schedule_value_en,"5 on, 2 off"
work_stat_schedule_label,"輪流休假"
work_stat_schedule_label_en,"Rotated days off"
work_rules_title,"換宿章則（2012）"
work_rules_title_en,"Work exchange rules (2012)"
work_duties_title,"工作內容"
work_duties_title_en,"Work / duties"
work_duties_intro,"我們的工作大致分為戶外與室內；每個時期都不相同，會依當時情況分配。以下為主要工作內容，但不以此為限。"
work_duties_intro_en,"Our work covers outdoor and indoor tasks; these vary by season and are assigned to fit the situation. The list below covers the main duties but is not limited to them."
work_duties_outdoor_title,"戶外工作"
work_duties_outdoor_title_en,"Outdoor"
work_duties_indoor_title,"室內工作"
work_duties_indoor_title_en,"Indoor"
work_cta_title,"準備好了嗎？"
work_cta_title_en,"Ready to join us?"
work_cta_text,"詳讀章則後，於下方送出換宿申請。"
work_cta_text_en,"Read the rules, then send your work-exchange application below."
work_cta_button,"換宿申請"
work_cta_button_en,"Apply"
work_rooms_eyebrow,"換宿住宿空間"
work_rooms_eyebrow_en,"Work-exchange rooms"
work_rooms_title,"換宿期間，你會住在這裡"
work_rooms_title_en,"Where you'll stay while helping"
work_rooms_empty,"換宿房間資料整理中；屋主之後可直接從後台新增名稱、簡介與照片。"
work_rooms_empty_en,"Work-exchange room details are being prepared. The host can add names, descriptions and photos from the admin panel."
nearby_eyebrow,"周邊與生活"
nearby_eyebrow_en,"Around the farm"
nearby_title,"住下來，也玩得盡興"
nearby_title_en,"Settle in, and explore"
nearby_intro,"從農場出發，交通、採買與探索都很方便。入住後我們也很樂意分享在地生活的小撇步。"
nearby_intro_en,"From the farm, getting around, shopping and exploring are all easy — and we're always happy to share local tips once you arrive."
nearby_transport_title,"交通接送"
nearby_transport_title_en,"Getting around"
nearby_transport_text,"從基督城機場、Rolleston 或 Templeton 車站都能抵達。我們提供機場、車站與市區接送，請在線上申請選擇「其他服務」。"
nearby_transport_text_en,"Reach us from Christchurch Airport or the Rolleston and Templeton stations. For airport, station, or city transfers, choose Other Services in the online application."
nearby_essentials_title,"生活機能"
nearby_essentials_title_en,"Everyday essentials"
nearby_essentials_text,"鄰近超市與巴士站，步行或短程車程就能採買生活所需。想找什麼、怎麼搭車，儘管問我們。"
nearby_essentials_text_en,"Supermarkets and bus stops are close by for daily needs. Ask us anytime about what to find or how to catch the bus."
nearby_explore_title,"探索基督城"
nearby_explore_title_en,"Explore Christchurch"
nearby_explore_text,"花園城市有植物園、雅芳河與好逛的市中心；往西是遼闊的坎特伯里平原與南阿爾卑斯山，很適合安排一日遊。"
nearby_explore_text_en,"The Garden City has botanic gardens, the Avon River and a walkable centre; to the west lie the Canterbury Plains and Southern Alps — perfect for day trips."
nearby_farm_title,"農莊時光"
nearby_farm_title_en,"Farm life"
nearby_farm_text,"白天有花園與菜園，還有貓咪相伴；入夜後仰望南島澄澈的滿天星斗。"
nearby_farm_text_en,"By day: the garden, the veggie patch, and friendly cats. By night: the clear South Island stars overhead."
scenery_heading,"在地風景照片（日後替換）"
scenery_heading_en,"Local scenery photos (add later)"
scenery1_label,"農場一角"
scenery1_label_en,"Farm view"
scenery2_label,"星空 / 觀星屋"
scenery2_label_en,"Night sky"
scenery3_label,"動物 / 花園"
scenery3_label_en,"Animals & garden"
apply_eyebrow,"線上申請"
apply_eyebrow_en,"Online application"
apply_title,"告訴我們，你需要什麼"
apply_title_en,"Tell us what you need"
apply_intro,"住宿、換宿或單獨使用接送與寄放服務，都可以在這裡提出申請。"
apply_intro_en,"Apply for accommodation, work exchange, transfers, or storage services here."
stay_form_note,"送出後由屋主確認空房與價格；這不是即時訂房。"
stay_form_note_en,"The host will confirm availability and price after you apply; this is not instant booking."
work_form_note,"請填寫完整資料；本人照片為必填，只供屋主審核與安排換宿使用。"
work_form_note_en,"Complete all details. A personal photo is required and is only used by the host to review and arrange the exchange."
services_form_note,"可複選寄放與接送服務；費用與是否能安排會由屋主回覆確認。"
services_form_note_en,"You may select several storage and transfer services. The host will confirm availability and fees."
contact_eyebrow,"聯絡我們"
contact_eyebrow_en,"Contact"
contact_title,"有任何問題，隨時找我們"
contact_title_en,"Questions? We're here"
contact_location_title,"地點"
contact_location_title_en,"Location"
contact_email_title,"Email"
contact_email_title_en,"Email"
contact_phone_title,"電話 / LINE"
contact_phone_title_en,"Phone / LINE"
footer_note,"內容由 Google Sheet 管理，主人可隨時自行更新"
footer_note_en,"Content managed via Google Sheet, editable anytime by the owner"
hero_photos,
scenery1_photos,
scenery2_photos,
scenery3_photos,
